[顺丰包邮]6.53英寸水滴屏老人老年智能手机,388.00
【24日4+64G立省100】红米note8 4800万四摄拍照游戏学生智能手机redmi全面屏pro小米官方旗舰店正品7xiaomi,999.00
【直降200】Huawei/华为nova 5z快充AI4800万四摄人像超级夜景128G大内存智能手机华为官方旗舰店,1799.00
【立减200元】HUAWEI/华为nova 5 Pro正品手机4800万四摄麒麟980,2499.00
Xiaomi/小米手机红米K30-5G版本SA/NSA双模5G全网通5G性价比手机,2299.00
【拍立减200元】honor/荣耀20手机麒麟980处理器4800万广角四摄,2499.00
【立减200元】HUAWEI/华为 P30官方正品手机30倍数字变焦麒麟980,3388.00
【12期免息 下单减200】Apple/苹果 iPhone 11 移动联通电信4G全网通智能手机正品苏宁易购官方旗舰店苹果11,5499.00
【现货速发】华为旗下HONOR/荣耀20全面屏超广角AI四摄麒麟980芯片智能拍照手机正品PRO手机v30,2099.00
【限时24期免息】Apple/苹果 iPhone 11移动联通电信全网通4G 超广角拍照手机苏宁易购官方旗舰店store苹果11,5499.00
【正常发货 24期免息】Huawei/华为Mate 30 5G麒麟990超感光徕卡5G智能手机mate305g官方旗舰店,4999.00
【正常发货 100优惠券】Huawei/华为nova 5 Pro超级夜景4800万四摄超广角智能手机nova5pro华为官方旗舰店,2899.00
【限时低至2299元】华为旗下HONOR/荣耀20 PRO 新品30倍数字变焦全焦段AI四摄全面屏手机旗舰店,2499.00
【拍立减250元】honor/荣耀V30pro手机全网通双模5G 麒麟990芯片,3899.00
【6期免息 下单减100】OPPO Reno Ace骁龙855plus智能游戏手机90Hz全面屏65W超级闪充官方旗舰店renoace r17,2999.00
【6期免息 至高省300元】小米CC9 Pro 1亿像素手机五摄双光学防抖拍照小米官方旗舰店正品xiaomi,2599.00
【新品开售 12期免息】OPPO Reno3 元气版双模5G骁龙全面屏智能手机VOOC闪充官方旗舰店opporeno3 reno,2999.00
【正常发货24期免息+赠耳机】vivo X30双模5G新品手机官方旗舰店官网新款限量版vivox30pro x27pro x23,3298.00
【6期免息】红米k305g双模5g手机索尼6400万四摄全新品上市20pro拍照学生老年人智能官网小米官方旗舰店10,2299.00
当天发【24期免息】Huawei/华为 nova 5 Pro手机官方旗舰店12直降5g官网nova6se手机p30正品mate30pro荣耀40,2499.00
【购机送无线充电器】苹果11 中移动Apple/iPhone 11苹果手机2019新款全网通智能手机苹果xr xsmax 7plus正品,5088.00
【24期免息】Apple/苹果iPhone 11 2019新款苹果11 新品iphone11 apple智能拍照手机,5499.00
正常发【24期免息】Huawei/华为nova 6 5G/4G 手机官方旗舰店nova5pro新款mate30pro全网通p30荣耀6se直降40,3199.00
24期免息 vivo X30 5G全网通手机官网vivox30全新款vivox27络vovix30por官方旗舰店x30pro vivonex3 nex3 pro,3298.00
【现货速发/限时享24期免息】苹果11 Apple/iPhone 11苹果手机2019新款全网通智能手机正品xr xsmax 7plu,5499.00
【购机送无线充电器】 苹果11 Apple/iPhone 11苹果手机中移动2019新款全网通智能手机苹果xr xsmax 7plus,5288.00
可省480元领250券/华为HONOR 荣耀20S全网通手机9x官方旗舰店20i直降play3降价青春版10新款20pro青春x9新款,1499.00
【现货顺丰速发 享24期免息 晒单赢好礼】realme/真我X50大师版骁龙765G 5G双模手机官方realmex50 realme X2,2498.90
【12期免息 8+256G预售省100】meizu/魅族16T骁龙855大屏旗舰6.5英寸全面屏4500mAh续航手机官方旗舰店正品,1999.00
当天发货/24期分期Apple 苹果 iPhone 11全网通苹果11正品手机X国行官方xr官网8Plus旗舰店xsmax新品11promax,5258.00
当天发货【24期免息】Huawei/华为nova 6 5G/4G官方旗舰店正品华为nova6手机5g全网通p30直降mate30新款5pro,2499.00
24期免息抽豪礼 新款vivo X30 5G手机vivox30限量版vivox27pro幻彩版 vivox23手机官网vivonex3 5g全网通手机,3298.00
【现货顺丰速发 2.24至高立减300 6期免息】realme 真我X2 6400万四摄骁龙730G 30W闪充拍照手机realmex2手机,1599.00
【享24期免息】SMARTISAN/锤子坚果Pro3手机 新品高通骁龙855Plus大电池四摄智能手机官方旗舰店,2399.00
【立减200】OPPO K5 oppok5手机限量版新款上市 oppo新品手机k5 0ppok5 k5x k5pro k3 k7 0pp0r17 r19 k4 k6,1899.00
【顺丰发货 24期分期】华为mate30 5G官旗正品手机mate30pro 5G手机手机华为5g手机mate30手机pro电信官旗,3999.00
【5G新款上市 12期免息】OPPO Reno3元气版 opporeno3手机新品opporeno3pro5g版 r19r17 0ppo未来x 0pp0reno3,2999.00
【优惠700元 12期免息】Samsung/三星Galaxy S10 SM-G9730骁龙855 4G游戏官方全面屏智能手机,4899.00
官网正品现货发顺丰+送无线充Xiaomi/小米 小米9手机9plus官方旗舰店mix4正品10透明尊享版cc9pro官网k20pro,2799.00
【24期分期/顺丰速发】Huawei/华为 Mate 30 5G版 手机官网官方旗舰店华为手机mate30pro5g全网通mate40p30,4299.00
5G新品正常发货24期免息】Huawei/华为nova 6 5G/4G官方旗舰店正品华为nova6手机全网通p30直降mate30荣耀pro,3199.00
【优惠1060元24期分期】Huawei/华为 nova 4e官方旗舰店正品nova4e新款nova5pro直降mate305g全网通p20手机5i,1198.00
【现货速发/24期分期】Apple/苹果iPhone 11官方旗舰店国行苹果11全网通4G手机x官方xr 8plus新品11pro xsmax,5088.00
新品【24期分期免息】Huawei/华为nova 6 5G/4G 官方旗舰店官网20手机5pro荣耀V30正品mate30现货se直降P30,3199.00
Apple/苹果 iPhone X 苹果x 苹果8手机 iphone8Plus正品分期免息,2120.00
24期免息 vivo X30 5G全网通手机 全新款vivox30 5g vivox27 vivox30pro x23 vivonex3 vovix30por 旗舰官网,3298.00
【24期免息】Apple/苹果 iPhone 11 Pro MAX 2019新品 全网通手机 苹果11promax 拍照智能手机,9599.00
Apple/苹果 iPhone XR 国行苹果 iphonexr手机XR美版有锁XS max,2550.00
Apple/苹果 iPhone X苹果X手机5.8英寸国行美版iphone8plus全网通,2100.00
Apple/苹果 iPhone 7plus国行苹果7代4.7英寸手机苹果8plus全网通,1680.00
Apple/苹果 iPhone X iPhonexr国行全网通苹果x xs max正品手机,3570.00
分期免息 Apple/苹果 iPhone X 苹果8x全新国行iphonex全网通手机,2230.00
Apple/苹果 iPhone X 全新正品iphonex美版全网通4G苹果x手机XrXs,3200.00
Apple/苹果 iPhone X苹果8x美版三网 国行iPhonex 256G苹果xs手机,3550.00
分期免息Apple/苹果 iPhone 8 Plus全网通全新国行苹果7plus手机X,1800.00
分期免息 Apple/苹果 iPhone X全新正品iPhonex全网通4G苹果x手机,3610.00
【分期免息】Apple/苹果 iPhone X 全新8国行4G全网通iPhonex手机,2300.00
Apple/苹果 iPhone XR iphonexr 苹果XR手机 双卡双待 xs max 8x,2710.00
【分期免息】Apple/苹果 iPhone X 全新国行XR全网通iPhonexr手机,2000.00
Apple/lPhone 6splus 苹.果6sp 苹.果6s手机7代7plus全网通正品7p,1450.00
Apple/苹果 iPhone XS Max 苹果xsmax iphone xr国行正品手机现货,4350.00
Apple/苹果 iPhone X 国行iphonex苹果Xr手机三网通 iPhonexs max,3550.00
品牌热卖 X27全网通4G智能手机超薄水滴屏安卓游戏OWWO/欧沃 X27,338.00
VIIPOO Z5i极点全面屏安卓全网通指纹电信游戏正品学生价智能手机,348.00
分期Apple/苹果 iPhone 8 Plus 苹果8plus国行iPhone8P苹果8X手机,1888.00
Apple/苹果 iPhone XS Max正品苹果xsmax国行iphonex苹果x手机,3388.00
Apple/苹果 iPhone 8 Plus 全新正品国行美版三网通手机iPhone 8,1068.00
分期免息Apple/苹果 iPhone XS Max苹果xsmax大屏新款国行双卡待s,3320.00
Apple/苹果 iPhone 8 Plus iPhone 8苹果8P国行8代8X 256G新手机,887.00
现货Apple/苹果 iPhone 11 新款iPhone11手机官网旗舰国行双卡A13,5028.00
Apple/苹果 iPhone 11港韩日美版有无锁机手机 pro max分期xs max,3750.00
Apple/苹果 iPhone 11 Pro Max港版美版代购现货有锁无锁手机分期,4900.00
华为nova5直降1000正品HUAWEI nova 5 Pro官方旗舰店nova5i手机6,1518.00
直降1800送无线充华为HUAWEI HUAWEI P30 PRO官方正品mate30手机,2688.00
魅族16X[免息直降1220]Meizu/魅族 16 x魅族16手机t魅族x8骁龙710,978.00
【直降2501]华为honor/荣耀 荣耀magic 2魔术2手机新旗舰3荣耀20s,1748.00
荣耀9x[直降521]华为honor/荣耀 荣耀9xpro手机新品华为荣耀9xpro,958.00
荣耀9X【直降】华为honor/荣耀 荣耀9X PRO手机官方新品 华为9x,888.00
华为荣耀20pro honor/荣耀 荣耀20PRO手机官方麒麟980直降新品V30,1609.00
华为nova5【免息直降1000】HUAWEI nova 5 Pro手机官方5i nova5z,1518.00
黑鲨2pro[送手柄]Xiaomi/小米 黑鲨游戏手机2Pro 黑鲨3代手机3pro,1188.00
现货降1600Huawei/华为 Mate 20 Pro UD全面屏保时捷手机mate20x,1688.00
华为mate30新品HUAWEI HUAWEI Mate 30 Pro保时捷5g版手机麒麟990,3199.00
华为p30pro直降官方HUAWEI HUAWEI P30 PRO曲面屏正品手机直降价,2928.00
国行现货Apple/苹果 iPhone 11国行双卡全网通苹果11手机iphone11,4990.00
Apple/苹果 iPhone 11 Pro Max国行港 美版有锁pro日韩版无锁分期,4666.00
华为p30 pro手机【正常发】正品HUAWEI HUAWEI P30 PRO旗舰mate20,2626.92
正常发】华为mate30手机官方HUAWEI HUAWEI Mate 30 Pro 5G保时捷,3247.92
正常发货华为Mate20 pro降价Huawei/华为 Mate 20 PRO X5G手机p30,1786.92
【12年老店】 Apple/苹果 iPhone 11 国行港版日版美版V版,3660.00
【12年老店】Apple/苹果 iPhone 11 Pro Max国行港版日美版苹果11,4850.00
