瑞士军刀初中生书包男双肩包小学生背包高中,199.00
迪士尼书包男小学生1-3-6三到六4年级儿童双肩护脊减负轻便背包女,89.00
迪士尼书包小学生女童1-3-6年级冰雪公主女孩轻便儿童休闲双肩包8,98.00
得力书包小学生男孩1-3-4-5年级儿童背包女孩6-12周岁双肩包护脊,125.00
鳄鱼男士双肩包商务休闲电脑帆布背包旅游旅行包时尚潮流学生书包,134.00
大脸兔书包女韩版高中原宿ulzzang中学生初中生ins双肩背包大学生,69.90
Fjallraven/北极狐书包kanken双肩包女户外包运动背包男23510,499.00
北极狐laptop笔记本电脑包13/15/17英寸男女手提双肩背包学生书包,799.00
阿迪达斯双肩背包男包女包2020春季新款运动电脑包学生书包FQ5261,139.00
kk树书包小学生女孩6-12岁儿童一二三到六年级女童双肩包护脊减负,115.00
evb双肩包男潮韩版新款大容量初中高中大学生书包电脑背包运动包,228.00
国家地理背包女运动户外时尚双肩包男牛津布旅行防水学生情侣书包,195.02
Herschel Supply City中号限量款双肩包女2019新款背包男书包时尚,498.00
新款双肩包女韩版学生初高中书包大运动包校园电脑背包男潮甜甜圈,329.00
电视剧款JanSport旗舰店官网杰斯伯双肩包时尚女书包背包男大容量,258.00
Tiger Family护脊减负书包 小学生3-5年级儿童女12周岁男童背包,498.00
BOPAI博牌电脑背包男户外旅行休闲双肩包商务书包出差多功能男包,299.00
uek小学生书包男孩女一二三年级护脊减负双肩6-12岁轻便减压儿童,139.00
tigerfamily儿童书包小学生一年级1-3 女男6岁耐磨减负护脊双肩包,378.00
FILA斐乐童装小学生书包初中儿童大容量双肩包2020新款3D护脊背包,578.00
FILA斐乐童装男童女童双肩包小学生书包初中儿童背包中学生双肩包,399.00
JanSport旗舰店官网杰斯伯双肩包女学生书包纯色男士女士背包T501,258.00
TYAKASHA塔卡沙双肩包郊游系列学生上学户外旅行男女双肩背包书包,179.00
kk树书包小学生男孩1-3-4-5年级儿童背包女孩6-12周岁双肩包护脊,115.00
迪士尼小学生书包减负轻便儿童超轻1-3-4-6三到六年级护脊女男童5,129.00
KK剑桥树书包小学生男孩一二三到六年级儿童6-12岁男童双肩包减负,119.00
Samsonite/新秀丽简约商务电脑包 舒适减负书包学院风双肩包AH9,1580.00
护脊减负书包中学生男女韩版高中初中生大容量小学生大学生双肩包,359.00
Puma彪马男女运动包2020春季新款学生书包旅游休闲双肩背包075487,139.00
CHARLES＆KEITH情书包CK2-80840128朋克粗链条拼色女士单肩包婚包,349.00
Herschel Supply 新年限量款 Retreat 时尚双肩包男 休闲背包书包,898.00
巴布豆旗舰店书包1-3年级护脊减负儿童书包男4-6小学生书包轻便,59.00
小米双肩包商务旅行背包大容量书包男士时尚多功能笔记本电脑包,199.00
Samsonite/新秀丽双肩包女小包背包 尼龙时尚书包女校园背包TQ4,580.00
MCM韩国专柜代购2020新款小号斜挎超迷你MINI小书包双肩包背包女,3430.00
初中生书包女韩版高中学生2020新款背包校园小学生简约百搭双肩包,69.00
七匹狼双肩包男大容量男士旅游背包休闲商务旅行包超大电脑包书包,153.00
电脑背包男士双肩包旅行大容量时尚潮流高中初中学生书包女大学生,59.00
【明星同款】英国AnythingStudio小学生书包双肩包英伦日本风超轻,1398.00
PUMA彪马背包2020新款女包双肩包拎包休闲小包PU小书包076960-02,179.00
迪士尼儿童书包女小学生三到六年级轻便网红女孩女童2019新款韩版,88.00
迪士尼小学生书包1-3-6三年级男童美国队长蜘蛛侠男孩儿童双肩包8,88.00
瑞士军士刀双肩包男瑞士大容量高中生初中学生书包电脑旅行背包女,219.00
书包 小学生女童1-3-4-6年级男孩减负护脊轻便大容量儿童双肩包,99.00
诺狐小学生书包男女孩儿童背包1-3-6一年级护脊减负大容量双肩包,399.00
Dickies潮牌2020新款双肩包大容量女男手提电脑背包校园学生书包,219.00
Doughnut Macaroon甜甜圈纯黑女户外旅行防水书包防水轻便双肩包,419.00
瑞士军刀双肩包男背包休闲商务旅行大容量瑞士书包男生电脑男士包,138.00
Dickies潮牌2020新款双肩包大容量女男手提电脑背包校园学生书包,219.00
Doughnut Macaroon甜甜圈纯黑女户外旅行防水书包防水轻便双肩包,419.00
瑞士军刀双肩包男背包休闲商务旅行大容量瑞士书包男生电脑男士包,138.00
COACH/蔻驰包包奥莱款大号男士拉链开合皮质双肩背包书包54786,1798.00
MoonRock梦乐书包 香港品牌专业护脊减负适宜小学生一至五年级MR3,615.00
FREITAG F201 PETE 双肩包女 男士手提包 瑞士环保背包 潮流书包,1800.00
babama时尚潮流男双肩包嘻哈街头背包休闲潮牌男士包旅行欧美书包,699.00
[2020新款]挪威Beckmann小学生书包女男儿童护脊减压背包1-3年级,899.00
MYD双肩包女书包韩版大学生初中生高中生中学生ins风电脑包背包男,359.00
tigerfamily小学生书包1-3年级男女孩儿童书包减负护脊背包6周岁,438.00
FILA斐乐小学生书包大容量男女童背包2020春新款儿童双肩包3M反光,544.00
Fjallraven/瑞典北极狐双肩包kanken书包女电脑旅行背包官方23510,499.00
kk树小学生拉杆书包1-3-6年级女童6-12周岁儿童公主防水轻便背包,165.00
Fjallraven/北极狐双肩包kanken mini 迷你情侣书包背包女23561,399.00
香港tigerfamily小学生护脊书包 男女5-9年级初中学生减负双肩包,488.00
19新品JanSport旗舰店官网女双肩背包学生书包电脑包男背包 3P6X,358.00
Herschel Supply Retreat经典色时尚潮流男女双肩包书包背包潮牌,698.00
HerschelSupply Classic 超大号旅游时尚潮流双肩背包男女书包,528.00
JanSport杰斯伯双肩包女背包学生书包2019INS流行色潮包男士背包,288.00
Samsonite/新秀丽学院风双肩包男背包 商务男士旅行包潮流书包TQ5,780.00
FILA斐乐童装双肩包男女童安全护脊搭配小笔袋小学生书包2020新款,579.00
韩国KK树小学生书包女笔袋补习班套装儿童背包轻便1-3-6年级女孩,185.00
卡拉羊书包女1-3-4-6小学生减负护脊背包男防泼水一体式学生书包,229.00
暇步士背包男双肩包真皮大容量休闲商务电脑包时尚潮流旅行包书包,639.00
中学生书包男女大容量校园减负初中生书包女韩版高中大学生双肩包,398.00
kipling女包大容量轻便帆布包时尚简约休闲校园书包双肩包|MATTA,859.00
凯蒂猫书包小学生女孩6-12周岁儿童1-3-6年级女童双肩背包减负,158.00
贵族儿童书包小学生男孩女童一二三到六年级轻便减负护脊3四五1-6,188.00
uniker初中小学生拉杆书包男孩大轮子儿童大容量旅行包女行李箱包,399.00
babama双肩包男简约休闲包男街头欧美背包男士书包女潮牌时尚潮流,599.00
迪士尼小学生书包男童女童1-3-4一三四年级蜘蛛侠儿童减负双肩包6,178.00
凯蒂猫书包小学生女童1-3-6年级6-10岁女孩轻便儿童休闲双肩背包,98.00
Samsonite/新秀丽2019新款双肩包女小包 时尚潮流百搭书包女TQ4,580.00
uek小学生书包男童女一二三年级幼儿园背包轻便3-6岁可爱儿童书包,159.00
FION/菲安妮新款双肩包旅行包 女士印花背包青年防水名牌书包小包,599.00
uek儿童书包女一二三四年级女孩6-12周岁轻便减负小学生可爱背包,159.00
耐克背包2019新款男女包运动双肩包糖果色学生书包BA6097-363-498,389.00
朱尔防盗双肩包女2019新款时尚牛津布女士背包百搭书包帆布女包包,229.00
双肩包男士背包商务休闲旅行背包防盗旅游包女大中学生书包电脑包,589.00
韩版可爱轻便少女双肩包女大容量初中学生书包小学生4-6年级背包,149.00
迪士尼书包小学生3-4-6年级5初中生男孩子大容量双肩包儿童背包潮,138.00
ALL JOINT儿童书包可爱幼儿园双肩小甜甜圈彩虹幼儿背包女童包包,188.00
马莎兰缇书包女韩版潮2019新款大容量双肩包时尚百搭女士防盗包包,299.00
FREITAGF155 CLAPTON双肩背包 男休闲旅行背包 瑞士环保潮流书包,2440.00
